p-val,CLES,metric
0.8623046875,0.43000000000000005,statistical_parity
0.0009765625,1.0,equal_opportunity
0.384765625,0.55,average_odds
