p-val,CLES,metric
0.0419921875,0.7,statistical_parity
0.5771484375,0.47,equal_opportunity
0.2783203125,0.5900000000000001,average_odds
